{
  "dataset": {
    "total_records": 1000,
    "regular_words": 900,
    "loanwords": 100,
    "total_expected_phonemes": 39259,
    "total_recognized_phonemes": 38146
  },
  "per_metrics": {
    "overall_mean": 0.26158351930235746,
    "overall_median": 0.2571428571428571,
    "overall_std": 0.10431802099701845,
    "regular_mean": 0.26045658480388867,
    "loanword_mean": 0.27172592978857646
  },
  "mismatches": {
    "total": 10203,
    "substitutions": 7600,
    "deletions": 1858,
    "insertions": 745
  },
  "top_confusions": {
    "ɐ → ɾ": 732,
    "s → ts": 414,
    "eː → ɛ": 360,
    "ɐ → ɜ": 297,
    "ʁ → ɾ": 281,
    "aː → ɑː": 273,
    "ɾ → r": 256,
    "ʁ → r": 238,
    "e → aɪ": 230,
    "o → aʊ": 149
  },
  "top_deletions": {
    "t": 389,
    "a": 349,
    "ə": 158,
    "ɛ": 145,
    "l": 74
  },
  "top_insertions": {
    "ə": 183,
    "ɾ": 75,
    "t": 70,
    "y": 62,
    "r": 56
  }
}